"Accessions","Lat","Lon","Country"
"IS10068",10.6333,-4.76666,"Burkina Faso"
"IS10189",11.19999981,-4.300000191,"Burkina Faso"
"IS10191",12.01000023,-0.100000001,"Burkina Faso"
"IS1033",21.17000008,72.83000183,"India"
"IS1036",18.64999962,72.87000275,NA
"IS1052",16.29999924,80.44999695,"India"
"IS10876",9.75,8.380000114,"Nigeria"
"IS1106",12.97000027,77.58000183,"India"
"IS1107",22.42000008,75.54000092,"India"
"IS11424",4.880000114,38.08000183,"Ethiopia"
"IS11431",6.179999828,35.56000137,"Ethiopia"
"IS1151",18.29000092,77.02999878,"India"
"IS1182",25.57999992,85.25,"India"
"IS1186",12.93000031,79.12999725,"India"
"IS1187",16.70999908,81.11000061,"India"
"IS12031",7.15,40.71667,"Ethiopia"
"IS12106",7.480000019,45.15999985,"Ethiopia"
"IS1236",10.60000038,78.41000366,"India"
"IS1240",12.14999962,77.11000061,"India"
"IS1243",9.170000076,77.86000061,"India"
"IS1246",9.800000191,78.11000061,"India"
"IS1257",9.319999695,78.34999847,"India"
"IS12584",-3.349999905,38.56000137,"Kenya"
"IS12590",-1.909999967,40.13000107,"Kenya"
"IS12779",36.2333,36.1166,"Turkey"
"IS12782",38.06667,39.25,"Turkey"
"IS12789",36.9125,30.689722,"Turkey"
"IS12793",37.7202778,30.2908333,"Turkey"
"IS12796",37.8444,27.9644444,"Turkey"
"IS12801",38.4072222,27.1502778,"Turkey"
"IS12805",41.676944,26.555833,"Turkey:North"
"IS12808",39.79,26.3325,"Turkey"
"IS12810",40.04000092,27.05999947,"Turkey"
"IS12811",40.36000061,27.97999954,"Turkey"
"IS12813",41.1822222,41.8194444,"Turkey"
"IS12815",40.6080556,43.0975,"Turkey"
"IS12817",38.4941667,43.38,"Turkey"
"IS12818",37.3111111,40.7427778,"Turkey"
"IS12819",37.0097222,37.7941667,"Turkey"
"IS12821",37.6,36.9166,"Turkey"
"IS12822",38.353333,38.311944,"Turkey"
"IS13148",33.3386111,44.3938889,"Iraq"
"IS13155",41.0333,30.6333,"Turkey"
"IS13263",26.28000069,73.01999664,"India"
"IS13515",22.6833,45.2167,"Saudi Arabia"
"IS1360",24.62999916,73.23000336,"India"
"IS1371",16.28000069,79.26000214,"India"
"IS1398",10.36999989,30.22999954,"Sudan"
"IS1401",25.37999916,66.90000153,"Pakistan"
"IS14133",40.2447222,30.02,"Turkey"
"IS1416",20.80999947,78.87999725,"India"
"IS1425",10.92000008,79.81999969,"India"
"IS14444",29.05000069,79.5167,"India"
"IS14449",14.03999996,35.22000122,"Sudan"
"IS14478",8.409999847,32.06000137,"South Sudan"
"IS14556",4.510000229,35.97999954,"Ethiopia"
"IS14635",9.010000229,40.24000168,"Ethiopia"
"IS1464",16.97999954,77.72000122,"India"
"IS1469",15.72999954,79.27999878,"India"
"IS14719",6.03000021,37.54999924,"Ethiopia"
"IS1472",10.96000004,78.08000183,"India"
"IS14724",5.289999962,37.34999847,"Ethiopia"
"IS14735",5.380000114,37.93000031,"Ethiopia"
"IS1477",11.46000004,77.44999695,"India"
"IS1520",14.89000034,79.98999786,"India"
"IS1523",13.18000031,79.62999725,"India"
"IS1540",11.26000023,78.51000214,"India"
"IS17149",5.570000172,8.079999924,"Nigeria"
"IS17185",11.52000046,13.68000031,"Nigeria"
"IS17195",8.079999924,3.910000086,"Nigeria"
"IS17196",7.360000134,9.050000191,"Nigeria"
"IS17669",18.29999924,80.55000305,"India"
"IS17671",17.82999992,80.19000244,"India"
"IS17749",15.44999981,77.66000366,"India"
"IS17752",15.48999977,80.04000092,"India"
"IS17766",14.14999962,79.84999847,"India"
"IS17815",17.62999916,80.91999817,"India"
"IS17819",17.52000046,82.19999695,"India"
"IS17857",18.06999969,82.66000366,"India"
"IS17864",18.86000061,84.47000122,"India"
"IS17872",20.75,86.30999756,"India"
"IS17885",18.77000046,83.88999939,"India"
"IS17891",17.25,81.63999939,"India"
"IS17896",18.25,83.5,"India"
"IS17905",19.15999985,83.41000366,"India"
"IS17909",17.32999992,76.83000183,"India"
"IS17912",20.06999969,83.08999634,"India"
"IS17917",26.37999916,72.48999786,"India"
"IS17919",26.92000008,71.90000153,"India"
"IS17920",26.90999985,70.91000366,"India"
"IS17921",25.34000015,72.61000061,"India"
"IS17922",25.29999924,73.12999725,"India"
"IS17925",27.5,73.5,"India"
"IS17926",27.06999969,75.68000031,"India"
"IS17929",23.20000076,73.55999756,"India"
"IS17930",23.20000076,76.55999756,"India"
"IS17933",25.95999908,75.15000153,"India"
"IS17937",26.65999985,73.70999908,"India"
"IS17941",26.54999924,76.66999817,"India"
"IS17942",25.76000023,73.33000183,"India"
"IS17958",19.71999931,77.13999939,"India"
"IS17980",20.70000076,77,"India"
"IS18234",23.3629599,89.9343761,"Bangladesh"
"IS18236",23.15999985,89.20999908,"Bangladesh"
"IS18295",14.03999996,5.570000172,"Niger"
"IS18303",13.38000011,4.019999981,"Niger"
"IS18822",13.47999954,32.25,"Sudan"
"IS18948",27.44000053,77.73999786,"India"
"IS19016",11.18999958,24.14999962,"Sudan"
"IS19477",4.090000153,30.68000031,"South Sudan"
"IS19485",5.230000019,30.13999939,"South Sudan"
"IS19494",8.529999733,29.10000038,"South Sudan"
"IS19507",5.349999905,27.27000046,"South Sudan"
"IS19513",4.849999905,31.61000061,"South Sudan"
"IS19520",7.340000153,27.53000069,"South Sudan"
"IS19677",19.19000053,81.93000031,"India"
"IS19680",18.39999962,81.66000366,"India"
"IS19685",21.10000038,80.91000366,"India"
"IS19698",19.70999908,81.23999786,"India"
"IS19700",22.59000015,80.55999756,"India"
"IS19706",23.05999947,82.58999634,"India"
"IS19732",21.72999954,80.44999695,"India"
"IS19758",22.72999954,78.34999847,"India"
"IS19804",24.96999931,81.65000153,"India"
"IS19847",24.90999985,79.58999634,"India"
"IS19859",25.18000031,80.30000305,"India"
"IS19946",15.48999977,-14.47999954,"Senegal"
"IS19950",14.5,-13.67000008,"Senegal"
"IS19953",15.02999973,-13.77999973,"Senegal"
"IS19956",16.17000008,-14.67000008,"Senegal"
"IS19962",16.37999916,-15.57999992,"Senegal"
"IS19975",13.14000034,-15.47000027,"Senegal"
"IS19978",13.67000008,-16.37999916,"Senegal"
"IS19982",14.51000023,-13.02000046,"Senegal"
"IS19988",15.15999985,-13.02999973,"Senegal"
"IS19991",14.07999992,-15.88000011,"Senegal"
"IS19998",14.13000011,-14.25,"Senegal"
"IS20004",14.59000015,-14.39999962,"Senegal"
"IS20016",14.13000011,-14.97000027,"Senegal"
"IS20024",14.07999992,-12.26000023,"Senegal"
"IS20027",13.93000031,-13.43000031,"Senegal"
"IS20028",14.8111833,-12.3589829,"Senegal"
"IS20049",13.88000011,-12.85000038,"Senegal"
"IS20064",13.25,-12.17000008,"Senegal"
"IS20073",12.57999992,-12.82999992,"Senegal"
"IS20087",13.67000008,-13.86999989,"Senegal"
"IS20105",13.07999992,-14.03999996,"Senegal"
"IS20116",13.07999992,-13.44999981,"Senegal"
"IS20125",12.82999992,-14.77999973,"Senegal"
"IS20146",12.56000042,-15.64999962,"Senegal"
"IS20158",13.43000031,10.42000008,"Niger"
"IS20164",13.88000011,13.18000031,"Niger"
"IS20166",13.52999973,11.71000004,"Niger"
"IS20173",13.94999981,11.31000042,"Niger"
"IS20187",13.35999966,12.65999985,"Niger"
"IS20216",13.02999973,8.859999657,"Niger"
"IS20225",13.94999981,10.25,"Niger"
"IS20230",13.88000011,9.100000381,"Niger"
"IS20234",12.89999962,9.329999924,"Niger"
"IS20243",13.18000031,9.909999847,"Niger"
"IS20250",14.72999954,7.460000038,"Niger"
"IS20261",14.30000019,6.760000229,"Niger"
"IS20300",14.38000011,9.029999733,"Niger"
"IS20307",14.30000019,2.059999943,"Niger"
"IS20314",13.93000031,7.179999828,"Niger"
"IS20328",13.90999985,6.179999828,"Niger"
"IS20345",14.67000008,4.349999905,"Niger"
"IS20348",13.85000038,4.849999905,"Niger"
"IS20363",14.76000023,6.309999943,"Niger"
"IS20364",15.85999966,5.349999905,"Niger"
"IS20378",14.44999981,5.210000038,"Niger"
"IS20398",13.40999985,2.960000038,"Niger"
"IS20441",12.72999954,2.829999924,"Niger"
"IS20448",14.47999954,3.660000086,"Niger"
"IS20450",14.27999973,2.549999952,"Niger"
"IS20452",15.18000031,3.50999999,"Niger"
"IS20460",14,3.180000067,"Niger"
"IS20463",14.02999973,4.210000038,"Niger"
"IS20488",13.85000038,1.450000048,"Niger"
"IS20490",13.35000038,2.460000038,"Niger"
"IS20492",14.42000008,1.549999952,"Niger"
"IS20497",13.35999966,1.899999976,"Niger"
"IS20498",14.56000042,0.709999979,"Niger"
"IS20905",8.9167,17.5667,"Chad"
"IS21015",-0.8447118,37.0618055,"Kenya"
"IS21055",0.7477023,34.997074,"Kenya"
"IS21083",-0.100000001,34.47999954,"Kenya"
"IS21124",-0.5666662,34.3166676,"Kenya"
"IS21126",-0.6393854,34.2174145,"Kenya"
"IS21139",-0.4333333,37.333334,"Kenya"
"IS21155",-1.2333333,34.6499977,"Kenya"
"IS21160",-0.9833333,38.4666672,"Kenya"
"IS21169",-0.2500002,36.2999992,"Kenya"
"IS21186",-4.0111627,39.6593765,"Kenya"
"IS21309",-1.519999981,38.11000061,"Kenya"
"IS21310",-0.579999983,38.04000092,"Kenya"
"IS21323",-1.230000019,37.40000153,"Kenya"
"IS21328",0.129999995,38.20999908,"Kenya"
"IS21343",0.119999997,37.47999954,"Kenya"
"IS21347",-2.950000048,37.56000137,"Kenya"
"IS21401",-13.77000046,32.97999954,"Malawi:3"
"IS21403",-14.18000031,33.59000015,"Malawi:3"
"IS21425",-16.03000069,35.49000168,"Malawi:3"
"IS21464",-17.03000069,35.27999878,"Malawi:3"
"IS21512",-16.14999962,34.77999878,"Malawi:3"
"IS21521",-15.38000011,35.27999878,"Malawi:3"
"IS21522",-14.97999954,34.95000076,"Malawi:3"
"IS21535",-13.77999973,34.45000076,"Malawi:3"
"IS21545",-13.06999969,33.40000153,"Malawi:3"
"IS21546",-12.93000031,34.29000092,"Malawi:3"
"IS21557",-13.65999985,35.52999878,"Mozambique"
"IS21583",-14.35999966,34.25,"Malawi:3"
"IS21631",-13.61999989,33.52999878,"Malawi:3"
"IS21645",-16.28000069,34.84999847,"Malawi:3"
"IS21976",10.72999954,77.52999878,"India"
"IS21982",14.53999996,77.09999847,"India"
"IS21991",19.68000031,78.65000153,"India"
"IS21996",24.22999954,72.55000305,"India"
"IS21997",21.01000023,75.55999756,"India"
"IS22001",21.81999969,74.22000122,"India"
"IS22009",19.19000053,72.95999908,"India"
"IS22019",20.75,73.68000031,"India"
"IS22025",34.08000183,74.80999756,"India"
"IS22026",30.27000046,79.25,"India"
"IS22040",15.81999969,78.02999878,"India"
"IS2205",28.6255144,77.1817017,"India"
"IS2206",15.85999966,74.5,"India"
"IS22074",15.14000034,76.91000366,"India"
"IS22100",14.67000008,75.08999634,"India"
"IS22104",16.20000076,77.37000275,"India"
"IS22193",12.13000011,76.12999725,"India"
"IS22239",-24.47999954,25.87999916,"Botswana"
"IS22282",-23.10000038,26.82999992,"Botswana"
"IS22291",-23.01000023,27.76000023,"Botswana"
"IS22325",-19.87999916,23.56999969,"Botswana"
"IS22330",-24.39999962,25.52000046,"Botswana"
"IS22334",-22.39999962,22.04999924,"Botswana"
"IS22598",8.539999962,80.80000305,"Sri Lanka"
"IS22601",8.020000458,80.51000214,"Sri Lanka"
"IS22604",7.260000229,80.12999725,"Sri Lanka"
"IS22608",8.180000305,79.84999847,"Sri Lanka"
"IS22609",7.320000172,80.98000336,"Sri Lanka"
"IS22701",3.829999924,42.41999817,"Somalia"
"IS22702",3.829999924,43,"Somalia"
"IS22720",3.420000076,43.5,"Somalia"
"IS22742",2.420000076,43.25,"Somalia"
"IS22746",3.25,42.75,"Somalia"
"IS22751",3.25,42.25,"Somalia"
"IS22785",3.829999924,44.83000183,"Somalia"
"IS22789",2.579999924,45.5,"Somalia"
"IS22792",3.25,45.66999817,"Somalia"
"IS22799",4.75,45.25,"Somalia"
"IS22909",12.03999996,30.52000046,"Sudan"
"IS22986",10.52999973,30.52000046,"Sudan"
"IS23048",12.89999962,23.46999931,"Sudan"
"IS23100",-4.820000172,34.74000168,"Tanzania"
"IS23108",-3.549999952,36.09999847,"Tanzania"
"IS23142",-7.389999866,35.79000092,"Tanzania"
"IS23166",-6.170000076,35.72999954,"Tanzania"
"IS23178",-15.5666666,28.2833338,"Zambia"
"IS23184",-15.07999992,29.62000084,"Zambia"
"IS23188",-14.55000019,30.80999947,"Zambia"
"IS23216",-14.25,31.32999992,"Zambia"
"IS23225",-14.07999992,32.06000137,"Zambia"
"IS23240",-13.55000019,32.52999878,"Zambia"
"IS23248",-13.19999981,28.57999992,"Zambia"
"IS23262",-9.289999962,31.25,"Zambia"
"IS23263",-13.28999996,32.11000061,"Zambia"
"IS23275",-13.52000046,31.57999992,"Zambia"
"IS23283",-14.93000031,22.26000023,"Zambia"
"IS23298",-12.27999973,33.20000076,"Zambia"
"IS23306",-10.94999981,33.09000015,"Zambia"
"IS23308",-11.64999962,32.88999939,"Zambia"
"IS23319",-9.350000381,32.58000183,"Zambia"
"IS23322",-16.82999992,27.06999969,"Zambia"
"IS23335",-10.26000023,32.65000153,"Zambia"
"IS23341",-10.02000046,31.18000031,"Zambia"
"IS23357",-8.829999924,31.52000046,"Zambia"
"IS23358",-9.069999695,32.02000046,"Zambia"
"IS23363",-11.07999992,31.11000061,"Zambia"
"IS23366",-13.1166658,29.8352753,"Zambia"
"IS23367",-14.81000042,24.79999924,"Zambia"
"IS23370",-11.89999962,31.43000031,"Zambia"
"IS23373",-13.61999989,29.38999939,"Zambia"
"IS23375",-13.97000027,28.67000008,"Zambia"
"IS23376",-14.44999981,28.44000053,"Zambia"
"IS23514",8.239999771,34.38999939,"Ethiopia"
"IS23521",8.199999809,34.25999832,"Ethiopia"
"IS23579",8.239999771,34.59000015,"Ethiopia"
"IS23586",8.270000458,34.65999985,"Ethiopia"
"IS23601",7.918000221,34.44900131,"Ethiopia"
"IS23615",7.269999981,36.24000168,"Ethiopia"
"IS23644",13.65999985,-15.39999962,"Gambia"
"IS23651",13.55000019,-14.77000046,"Gambia"
"IS23666",13.31999969,-15.89000034,"Gambia"
"IS23669",13.22000027,-16.12999916,"Gambia"
"IS23684",-16.14999962,38.31999969,"Mozambique"
"IS23685",-16.78000069,38.86000061,"Mozambique"
"IS23687",-19.04999924,34.40000153,"Mozambique"
"IS23693",-15.89999962,38.95000076,"Mozambique"
"IS23694",-23.87999916,35.41999817,"Mozambique"
"IS23698",-13.71000004,39.81999969,"Mozambique"
"IS23700",-13.19999981,38.52999878,"Mozambique"
"IS23711",-14.93999958,38.31000137,"Mozambique"
"IS24283",-8.729999542,33.29000092,"Tanzania"
"IS24286",-7.920000076,35.58000183,"Tanzania"
"IS24287",-8.850000381,34.63000107,"Tanzania"
"IS24288",-9.329999924,34.77000046,"Tanzania"
"IS24292",-10.68000031,35.63999939,"Tanzania"
"IS24294",-11.10999966,37.36000061,"Tanzania"
"IS24297",-6.179999828,39.31000137,"Tanzania:Zanzibar"
"IS24299",-6.849999905,39.29999924,"Tanzania"
"IS24327",19.87999916,76.48000336,"India"
"IS24332",20.22999954,77.55999756,"India"
"IS24334",20.70999908,77.98999786,"India"
"IS24336",20.42000008,79.37000275,"India"
"IS24348",21.18000031,74.68000031,"India"
"IS24360",19.01000023,73.94000244,"India"
"IS24369",18.72999954,76.37999725,"India"
"IS24379",26.54999924,79.58999634,"India"
"IS24386",27.88999939,78.06999969,"India"
"IS24389",28.39999962,77.84999847,"India"
"IS24413",25.37999916,81.13999939,"India"
"IS24416",26.06999969,81.08999634,"India"
"IS24417",25.45000076,81.83999634,"India"
"IS24713",9.800000191,8.489999771,"Nigeria"
"IS24775",10.88000011,13.63000011,"Nigeria"
"IS24875",9.390000343,9.210000038,"Nigeria"
"IS25055",9.399999619,-0.980000019,"Ghana"
"IS25098",7.9550113,-1.031819,"Ghana"
"IS25506",-3.210000038,30.09000015,"Burundi"
"IS25543",-2.559999943,28.95000076,"Rwanda"
"IS25548",-2.059999943,29.36000061,"Rwanda"
"IS25670",13.43999958,-4.090000153,"Mali"
"IS25690",14.72999954,-6.559999943,"Mali"
"IS25694",15.01000023,-7.659999847,"Mali"
"IS25702",15.15999985,-9.380000114,"Mali"
"IS25706",14.46000004,-8.229999542,"Mali"
"IS25708",15.26000023,-8.479999542,"Mali"
"IS25722",14.30000019,-9.550000191,"Mali"
"IS25732",14.27000046,-10.35999966,"Mali"
"IS25733",15.05000019,-9.350000381,"Mali"
"IS25752",15.01000023,-3.50999999,"Mali"
"IS25766",15.42000008,-4.039999962,"Mali"
"IS25772",13.85999966,-11.65999985,"Mali"
"IS25783",15.31000042,-11.35000038,"Mali"
"IS25784",13.39000034,-10.36999989,"Mali"
"IS25798",12.02999973,-9.710000038,"Guinea"
"IS25804",12.39999962,-11.07999992,"Mali"
"IS25812",12.71000004,-10.57999992,"Mali"
"IS25816",11.44999981,-6.119999886,"Mali"
"IS25836",15.14999962,-10.27000046,"Mali"
"IS25839",14,-4.119999886,"Mali"
"IS25848",13.35000038,-9.449999809,"Mali"
"IS25865",12.57999992,-9.119999886,"Mali"
"IS25868",12.88000011,-9.979999542,"Mali"
"IS25877",13.06999969,-8.199999809,"Mali"
"IS25888",14.21000004,-7.579999924,"Mali"
"IS25912",13.69999981,-8.449999809,"Mali"
"IS25913",13.46000004,-7.800000191,"Mali"
"IS25921",13.05000019,-7.559999943,"Mali"
"IS25931",12.02999973,-8.380000114,"Mali"
"IS25936",11.56000042,-8.25,"Mali"
"IS25945",11.59000015,-7.539999962,"Mali"
"IS25966",10.60000038,-8.199999809,"Mali"
"IS25985",10.27999973,-7.260000229,"Mali"
"IS25987",10.75,-6.5,"Mali"
"IS25989",11.27999973,-7.010000229,"Mali"
"IS26000",11.85999966,-5.409999847,"Mali"
"IS26005",11.13000011,-5.400000095,"Mali"
"IS26008",10.55000019,-5.769999981,"Mali"
"IS26025",12.39000034,-6.360000134,"Mali"
"IS26031",13.06999969,-5.5,"Mali"
"IS26056",13.27999973,-4.579999924,"Mali"
"IS26072",12.55000019,-5.050000191,"Mali"
"IS26090",16.09000015,-3.339999914,"Mali"
"IS26091",15.21000004,-2.680000067,"Mali"
"IS26101",15.17000008,-1.409999967,"Mali"
"IS26103",15,-2.049999952,"Mali"
"IS26108",14.65999985,-2.75,"Mali"
"IS26110",14.43000031,-2.230000019,"Mali"
"IS26123",13.75,-3.349999905,"Mali"
"IS26131",14.39999962,-3.160000086,"Mali"
"IS26136",14.40999985,-3.75,"Mali"
"IS26137",14.85999966,-5.210000038,"Mali"
"IS26142",14.77999973,-6.010000229,"Mali"
"IS26147",13.57999992,-5.25,"Mali"
"IS26148",14.30000019,-11.46000004,"Mali"
"IS26198",10.59000015,0.07,"Togo"
"IS26222",10.80000019,0.230000004,"Togo"
"IS26224",10.5,0.49000001,"Togo"
"IS26282",9.529999733,0.439999998,"Togo"
"IS26285",10.01000023,0.49000001,"Togo"
"IS26370",9.130000114,1.110000014,"Togo"
"IS26376",8.359999657,1,"Togo"
"IS26390",6.900000095,0.850000024,"Togo"
"IS26404",6.199999809,1.350000024,"Togo"
"IS26419",6.800000191,1.730000019,"Benin"
"IS26434",9.510000229,3.150000095,"Benin"
"IS26485",10.93000031,3.700000048,"Benin"
"IS26516",11.93999958,3.230000019,"Benin"
"IS26532",11.64999962,2.529999971,"Benin"
"IS26540",11.02000046,2.25,"Benin"
"IS26548",10.77999973,2.710000038,"Benin"
"IS26565",10.48999977,1.379999995,"Benin"
"IS26566",6.400000095,2.059999943,"Benin"
"IS26575",10.93000031,1.080000043,"Benin"
"IS26576",11.18000031,3,"Benin"
"IS26579",9.409999847,2.559999943,"Benin"
"IS26588",10,1.50999999,"Benin"
"IS26594",9.010000229,1.659999967,"Benin"
"IS26596",8.5,1.730000019,"Benin"
"IS26598",9.5,1.629999995,"Benin"
"IS26602",7.829999924,1.659999967,"Benin"
"IS26634",-13.82999992,24.17000008,"Zambia"
"IS26635",-13.5,23,"Zambia"
"IS26638",-12.32999992,24.82999992,"Zambia"
"IS26641",-9.649999619,28.90999985,"Zambia"
"IS26821",12.63000011,44.00999832,"Yemen"
"IS26827",16.59000015,43.31999969,"Yemen"
"IS26837",5.039999962,32.45000076,"South Sudan"
"IS26925",8.720000267,77.66999817,"India"
"IS26978",21.31999969,77.05000305,"India"
"IS26991",23.35000038,85.33000183,"India"
"IS26993",23.82999992,84.80999756,"India"
"IS27003",27.67000008,76.08000183,"India"
"IS27071",-20.88999939,30.78000069,"Zimbabwe"
"IS27087",-22.04000092,31.40999985,"Zimbabwe"
"IS27100",-20.35000038,31.45000076,"Zimbabwe"
"IS27123",-19.01000023,28.89999962,"Zimbabwe"
"IS27129",-20.47999954,27.82999992,"Zimbabwe"
"IS27132",-19.76000023,27.75,"Zimbabwe"
"IS27137",-19.65999985,30,"Zimbabwe"
"IS27139",-18.32999992,27.75,"Zimbabwe"
"IS27146",-19.57999992,32.5,"Zimbabwe"
"IS27156",-18.54999924,29.54999924,"Zimbabwe"
"IS27164",-19.82999992,30.54999924,"Zimbabwe"
"IS27165",-18.89999962,31.28000069,"Zimbabwe"
"IS27167",-18.12000084,28.52000046,"Zimbabwe"
"IS27169",-19.27000046,29.44000053,"Zimbabwe"
"IS27179",-20.85000038,30.18000031,"Zimbabwe"
"IS27215",-17.55999947,29.61000061,"Zimbabwe"
"IS27222",-17.62000084,30.18000031,"Zimbabwe"
"IS27233",-16.05999947,29.39999962,"Zimbabwe"
"IS27253",-16.57999992,32.18000031,"Zimbabwe"
"IS27287",13.15999985,-0.819999993,"Burkina Faso"
"IS27292",13.71000004,-1.179999948,"Burkina Faso"
"IS27336",14.05000019,-2.529999971,"Burkina Faso"
"IS27387",11.25,0.699999988,"Burkina Faso"
"IS27393",11.52999973,0.02,"Burkina Faso"
"IS27490",12.77000046,-3.809999943,"Burkina Faso"
"IS27502",12.18000031,-4.079999924,"Burkina Faso"
"IS27527",11.80000019,-3.279999971,"Burkina Faso"
"IS27557",12.23999977,-2.460000038,"Burkina Faso"
"IS27587",11.3344,14.9796,"Cameroon"
"IS27599",12.22999954,14.63000011,"Cameroon"
"IS27680",8.479999542,-12.86999989,"Sierra Leone"
"IS27697",8.579999924,-12.35000038,"Sierra Leone"
"IS27708",8,-11.05000019,"Sierra Leone"
"IS27717",7.929999828,-11.55000019,"Sierra Leone"
"IS27726",7.230000019,-11.42000008,"Sierra Leone"
"IS27736",8.619999886,-10.73999977,"Sierra Leone"
"IS27740",8.449999809,-11.77000046,"Sierra Leone"
"IS27766",9.279999733,-12.18999958,"Sierra Leone"
"IS27775",9.850000381,-11.42000008,"Sierra Leone"
"IS27855",-23.37999916,30.95999908,"South Africa"
"IS27858",-26.75,28.73999977,"South Africa"
"IS27859",-29.14999962,31.05999947,"South Africa"
"IS27887",-24.19000053,29.48999977,"South Africa"
"IS27912",-26,29.76000023,"South Africa"
"IS27942",14.02999973,45.31999969,"Yemen"
"IS28036",17.02000046,44.06999969,"Yemen"
"IS28086",13.25,43.47999954,"Yemen"
"IS28143",14.13000011,43.18999863,"Yemen"
"IS28317",14.68000031,49.04999924,"Yemen"
"IS28444",13.52999973,45.5,"Yemen"
"IS28453",12.7472,44.9075,NA
"IS28749",14.18999958,47.04999924,"Yemen"
"IS28966",12.52999973,54.27000046,"Yemen:Suqutra"
"IS29053",15.72000027,43.65000153,"Yemen"
"IS29091",14.48999977,45.20999908,"Yemen"
"IS29100",15.18999958,43.16999817,"Yemen"
"IS29187",-26.31999969,31.13999939,"Swaziland"
"IS29228",-27.21999931,31.61000061,"Swaziland"
"IS29233",-26.95000076,31.01000023,"Swaziland"
"IS29310",-26.03000069,31.85000038,"Swaziland"
"IS29358",-29.51000023,27.62000084,"Lesotho"
"IS29392",-29.5,28,"Lesotho"
"IS29407",-29.53000069,28.14999962,"Lesotho"
"IS29441",-30.12999916,28.70000076,"South Africa"
"IS29468",-30.02000046,27.54999924,"Lesotho"
"IS29496",-30.26000023,27.87999916,"Lesotho"
"IS29565",-29.31999969,27.47999954,"Lesotho"
"IS29685",-19.05999947,31.75,"Zimbabwe"
"IS29689",-19.52000046,31.62999916,"Zimbabwe"
"IS29714",-20.79000092,32.22999954,"Zimbabwe"
"IS29733",-20.32999992,30.04000092,"Zimbabwe"
"IS29757",-21.05999947,31.65999985,"Zimbabwe"
"IS29772",-18.53000069,32.11999893,"Zimbabwe"
"IS29798",-16.27000046,31.5,"Zimbabwe"
"IS29808",-16.17000008,30.57999992,"Zimbabwe"
"IS29838",-17.03000069,30.39999962,"Zimbabwe"
"IS29856",-17.64999962,31.78000069,"Zimbabwe"
"IS29860",-17.39999962,32.22000122,"Zimbabwe"
"IS29866",-16.97999954,32.70000076,"Zimbabwe"
"IS29870",-20.90999985,28.45999908,"Zimbabwe"
"IS29911",-20.03000069,29.10000038,"Zimbabwe"
"IS29950",-20.53000069,29.28000069,"Zimbabwe"
"IS30024",-18.37999916,26.42000008,"Zimbabwe"
"IS30079",-18.93000031,27.72999954,"Zimbabwe"
"IS30092",-20.80999947,28.55999947,"Zimbabwe"
"IS30095",-19.45000076,27.25,"Zimbabwe"
"IS30122",-18.18000031,31.54999924,"Zimbabwe"
"IS30145",-18.96999931,32.65000153,"Zimbabwe"
"IS30175",-18.07999992,32.66999817,"Zimbabwe"
"IS30205",-20.20000076,32.59999847,"Zimbabwe"
"IS30213",-17.73999977,27.39999962,"Zimbabwe"
"IS30231",-17.82999992,31.04999924,"Zimbabwe"
"IS30572",10.59000015,14.32999992,"Cameroon"
"IS30619",12.38000011,14.89999962,"Chad"
"IS30748",11.02999973,14.13000011,"Cameroon"
"IS30838",10,13.52000046,"Cameroon"
"IS30853",8.829999924,13.97000027,"Cameroon"
"IS30855",8.470000267,13.23999977,"Cameroon"
"IS30858",7.829999924,14.75,"Cameroon"
"IS30860",7.829999924,15.39000034,"Cameroon"
"IS30864",7.170000076,14.82999992,"Cameroon"
"IS30867",7.329999924,14.18999958,"Cameroon"
"IS30868",7.5,13.5,"Cameroon"
"IS31043",3.349999905,33.33000183,"Uganda"
"IS31179",1.049999952,34.29999924,"Uganda"
"IS31186",1.799999952,33.54999924,"Uganda"
"IS31195",1.700000048,34.06999969,"Uganda"
"IS31202",0.589999974,33.09000015,"Uganda"
"IS3127",36.707529,67.106626,"Afghanistan"
"IS31299",-0.99000001,29.93000031,"Uganda"
"IS31446",0.129999995,30.25,"Uganda"
"IS31533",-3.059999943,30.76000023,"Burundi"
"IS31557",-3.980000019,30.04000092,"Burundi"
"IS31559",-2.349999905,29.97999954,"Burundi"
"IS31666",-5.1000004,13.1166658,"Democratic Republic of the Congo"
"IS31706",13.47999954,44.09000015,"Yemen"
"IS31714",14.42000008,44.20000076,"Yemen"
"IS31852",13.44999981,44.47000122,"Yemen"
"IS31861",13.59000015,44.52000046,"Yemen"
"IS31869",14.47999954,48.43999863,"Yemen"
"IS31965",16.12000084,43.09000015,"Yemen"
"IS32050",15.28999996,43.33000183,"Yemen"
"IS32092",16.04000092,49.24000168,"Yemen"
"IS32150",16.36000061,44.09000015,"Yemen"
"IS32245",14.52000046,44.18999863,"Yemen"
"IS32262",15.14999962,48.34000015,"Yemen"
"IS32337",21.68000031,85.26000214,"India"
"IS32349",19.53000069,82.45999908,"India"
"IS32357",20.5,82.79000092,"India"
"IS32370",20.82999992,84.30000305,"India"
"IS32373",21.46999931,83.98999786,"India"
"IS32401",24,85.36000061,"India"
"IS32404",23.94000053,86.83000183,"India"
"IS32405",24.27000046,87.25,"India"
"IS32420",24.27000046,84.25,"India"
"IS32425",26.37999916,85.18000031,"India"
"IS32426",24.87999916,86.91000366,"India"
"IS32439",25.37999916,86.47000122,"India"
"IS32449",24.40999985,83.36000061,"India"
"IS32454",24.82999992,85.41000366,"India"
"IS32459",24.75,84.37000275,"India"
"IS32461",23.12000084,83.19000244,"India"
"IS32471",22.75,81.77999878,"India"
"IS32475",22.47999954,83.20999908,"India"
"IS32506",17.79999924,81.38999939,"India"
"IS32569",2.789999962,44.08000183,"Somalia"
"IS32571",2.99000001,44.84000015,"Somalia"
"IS32685",3.890000105,45.49000168,"Somalia"
"IS32754",2.140000105,45.11999893,"Somalia"
"IS33023",-5.019999981,32.81999969,"Tanzania"
"IS33173",12.38000011,14.38000011,"Cameroon"
"IS33178",10.51000023,14.38000011,"Cameroon"
"IS33209",10.78999996,14.65999985,"Cameroon"
"IS33242",10,15.43999958,"Cameroon"
"IS33261",10.06999969,14.60999966,"Cameroon"
"IS33716",17.82999992,76.69000244,"India"
"IS33844",17.67000008,75.90000153,"India"
"IS33861",17.37000084,75.08999634,"India"
"IS33973",13.64999962,78.90000153,"India"
"IS33984",14.01000023,78.18000031,"India"
"IS34008",15.22999954,78.30999756,"India"
"IS34017",22.95999908,74.81999969,"India"
"IS34029",22.40999985,74.55999756,"India"
"IS34035",23.17000008,75.77999878,"India"
"IS34067",23.70000076,76.01000214,"India"
"IS34083",24.05999947,75.06999969,"India"
"IS34139",21.76000023,75.68000031,"India"
"IS34150",21.82999992,76.34999847,"India"
"IS34219",18.56999969,82.95999908,"India"
"IS34226",-21.28000069,27.87999916,"Zimbabwe"
"IS3443",10.5,30.44000053,"Sudan"
"IS3457",4.110000134,33.40000153,"South Sudan"
"IS34778",5.170000076,14.77000046,"Central African Republic"
"IS34781",5.849999905,14.82999992,"Central African Republic"
"IS34814",6.670000076,16.37999916,"Central African Republic"
"IS34840",7.28000021,16.17000008,"Central African Republic"
"IS34851",6.980000019,15.64000034,"Central African Republic"
"IS34860",7.369999886,16.72999954,"Central African Republic"
"IS34895",5.659999847,20.69000053,"Central African Republic"
"IS34901",6.5,17.55999947,"Central African Republic"
"IS34906",5.78000021,17.54999924,"Central African Republic"
"IS34908",5.260000229,17.64999962,"Central African Republic"
"IS34909",6.03000021,18.40999985,"Central African Republic"
"IS34913",6.510000229,18.28000069,"Central African Republic"
"IS34928",7.309999943,18.29000092,"Central African Republic"
"IS34938",6.369999886,19.17000008,"Central African Republic"
"IS34939",7.21999979,18.82999992,"Central African Republic"
"IS34947",6.659999847,19.79999924,"Central African Republic"
"IS34954",8.409999847,22.64999962,"Central African Republic"
"IS34965",7.550000191,20.18000031,"Central African Republic"
"IS34976",4.329999924,18.67000008,"Democratic Republic of the Congo"
"IS3511",11.25,30.01000023,"Sudan"
"IS35170",-20.84000015,27.21999931,"Botswana"
"IS35214",30.67000008,73.66000366,"Pakistan"
"IS35215",30.28000069,73.05999756,"Pakistan"
"IS35218",29.73999977,73.23999786,"Pakistan"
"IS35222",29.19000053,72.84999847,"Pakistan"
"IS35225",29.38999939,71.66999817,"Pakistan"
"IS35229",28.68000031,65.94000244,"Pakistan"
"IS35230",28.68000031,69.94000244,"Pakistan"
"IS35231",29.10000038,70.31999969,"Pakistan"
"IS35239",29.98999977,70.29000092,"Pakistan"
"IS35240",30.62999916,70.58000183,"Pakistan"
"IS35244",31.17000008,71.22000122,"Pakistan"
"IS35246",31.87999916,71.90000153,"Pakistan"
"IS35250",32.93000031,72.84999847,"Pakistan"
"IS35254",33.24000168,72.26000214,"Pakistan"
"IS35255",33.59999847,73.04000092,"Pakistan"
"IS35427",1.100000024,31.79999924,"Uganda"
"IS35471",-17.72999954,25.11000061,"Namibia"
"IS35475",-17.86000061,24.18000031,"Namibia"
"IS35478",-17.75,23.37999916,"Namibia"
"IS35480",-17.97999954,20.54999924,"Namibia"
"IS35483",-18.03000069,19.04999924,"Namibia"
"IS35503",-17.72999954,18.47999954,"Namibia"
"IS35506",-18.43000031,19.72999954,"Namibia"
"IS35507",-19.75,19.97999954,"Namibia"
"IS35509",-19.63999939,17.34000015,"Namibia"
"IS35510",-18.61000061,17.15999985,"Namibia"
"IS35522",-17.51000023,14.63000011,"Namibia"
"IS35526",-17.92000008,15.22999954,"Namibia"
"IS35553",-17.43000031,15.32999992,"Namibia"
"IS35567",-17.60000038,17.79999924,"Namibia"
"IS35570",-17.62000084,17.12999916,"Namibia"
"IS35574",-17.5,15.82999992,"Namibia"
"IS35579",-17.56999969,16.5,"Namibia"
"IS35602",-17.92000008,13.75,"Namibia"
"IS35604",-17.87000084,13.17000008,"Namibia"
"IS3582",18.10000038,33.54999924,"Sudan"
"IS36052",17.22999954,78.27999878,"India"
"IS36058",17.5,79.26000214,"India"
"IS36060",16.89999962,78.73000336,"India"
"IS36081",16.45000076,78.45999908,"India"
"IS36088",18,79.58999634,"India"
"IS36100",16.97999954,73.30000305,"India"
"IS36239",10.27999973,77.86000061,"India"
"IS36247",9.630000114,78.83000183,"India"
"IS36317",13.64999962,76.93000031,"India"
"IS36324",15.77999973,76.76000214,"India"
"IS36329",15.63000011,76.01000214,"India"
"IS36336",16.40999985,76.93000031,"India"
"IS36342",16.35000038,75.91999817,"India"
"IS36398",11.32999992,79.37999725,"India"
"IS36401",12.77999973,80.18000031,"India"
"IS36403",11.93999958,79.5,"India"
"IS36404",12.27999973,78.61000061,"India"
"IS36450",29.60000038,79.65000153,"India"
"IS36452",8.479999542,76.91000366,"India"
"IS37124",-17.62000084,25.87999916,"Zambia"
"IS37125",-15.32999992,24.27000046,"Zambia"
"IS37127",-16.70000076,26.17000008,"Zambia"
"IS37128",-16.75,25.17000008,"Zambia"
"IS37129",-16.43000031,24.69000053,"Zambia"
"IS37133",-15.57999992,23.25,"Zambia"
"IS37134",-15.07999992,23.30999947,"Zambia"
"IS37135",-14.19999981,23,"Zambia"
"IS37136",-16.32999992,23.12999916,"Zambia"
"IS37140",-15.27999973,22.75,"Zambia"
"IS37146",-18.11000061,21.62999916,"Namibia"
"IS37203",17.39999962,77.34999847,"India"
"IS37234",16.90999985,76.23000336,"India"
"IS37569",9.340000153,42.79000092,"Ethiopia"
"IS37746",9.789999962,35.09999847,"Ethiopia"
"IS37978",10.82999992,42.61999893,"Ethiopia"
"IS38021",8.149999619,35.52999878,"Ethiopia"
"IS38026",13.60999966,39,"Ethiopia"
"IS38159",11.52999973,41.63000107,"Ethiopia"
"IS38683",12.63000011,39.02999878,"Ethiopia"
"IS3885",12.39000034,-7.590000153,"Mali"
"IS39453",11.85000038,38,"Ethiopia"
"IS39462",8.619999886,39.97000122,"Ethiopia"
"IS39463",12.06000042,35.88000107,"Ethiopia"
"IS39474",9.31000042,34.58000183,"Ethiopia"
"IS39496",7.539999962,37.84999847,"Ethiopia"
"IS39525",11.01000023,38.09000015,"Ethiopia"
"IS39672",9.779999733,9.779999733,"Nigeria"
"IS39677",8.630000114,10.57999992,"Nigeria"
"IS39713",8.869999886,8.470000267,"Nigeria"
"IS39764",13.13000011,6.349999905,"Nigeria"
"IS39778",12.75,5.849999905,"Nigeria"
"IS39780",12.10999966,13.65999985,"Nigeria"
"IS39783",9.329999924,5.059999943,"Nigeria"
"IS39791",12.10999966,5.929999828,"Nigeria"
"IS39797",12.77999973,12.77999973,"Nigeria"
"IS39810",9.609999657,13.07999992,"Nigeria"
"IS39814",10.80000019,11.42000008,"Nigeria"
"IS39815",11.15999985,12.75,"Nigeria"
"IS39819",11.48999977,11.93999958,"Nigeria"
"IS39913",1.440000057,31.34000015,"Uganda"
"IS39915",0.850000024,32.47000122,"Uganda"
"IS40005",0.270000011,32.45000076,"Uganda"
"IS4003",28.89999962,76.55999756,"India"
"IS40033",7.730000019,8.529999733,"Nigeria"
"IS40034",8.31000042,8.510000229,"Nigeria"
"IS40036",8.079999924,5.230000019,"Nigeria"
"IS40215",16.06999969,75.36000061,"India"
"IS4027",26.54999924,75.51999664,"India"
"IS40272",16.5,75,"India"
"IS40306",14.82999992,76.5,"India"
"IS40307",14.48999977,76.16000366,"India"
"IS40324",14.56000042,75.58999634,"India"
"IS40325",15,75.83000183,"India"
"IS40329",13.59000015,75.95999908,"India"
"IS40373",-0.379999995,32.88000107,"Uganda"
"IS4060",27.20999908,77.48999786,"India"
"IS4064",26.02000046,76.33999634,"India"
"IS40729",20.54000092,74.45999908,"India"
"IS40730",20.32999992,75.05999756,"India"
"IS40757",19.62000084,75.87999725,"India"
"IS40771",19.26000023,76.76999664,"India"
"IS40791",20.14999962,73.80999756,"India"
"IS40803",18.32999992,74.83000183,"India"
"IS40819",19.04999924,74.44000244,"India"
"IS40822",19.37000084,74.93000031,"India"
"IS40824",19.87000084,74.47000122,"India"
"IS40841",17.85000038,74.66000366,"India"
"IS4092",26.15999985,75.77999878,"India"
"IS4127",24.87999916,74.62999725,"India"
"IS4207",24.59000015,76.16000366,"India"
"IS4246",24.04999924,81.22000122,"India"
"IS4248",20.28000069,81.38999939,"India"
"IS4254",23.20000076,77.08000183,"India"
"IS4269",22.44000053,77.43000031,"India"
"IS4277",22.57999992,84.01000214,"India"
"IS4285",21.90999985,77.88999939,"India"
"IS4307",25.45999908,76.36000061,"India"
"IS4308",23.53000069,77.80999756,"India"
"IS4332",25.65999985,78.45999908,"India"
"IS4339",26.55999947,78.77999878,"India"
"IS4347",26.47999954,78.01000214,"India"
"IS4360",25.25,77.38999939,"India"
"IS4372",23.51000023,75.25,"India"
"IS4378",24.39999962,77.12999725,"India"
"IS4405",24.20000076,78.19999695,"India"
"IS4489",24.27000046,74.51999664,"India"
"IS4515",19.87999916,75.31999969,"India"
"IS4543",18.98999977,75.76000214,"India"
"IS4581",18.15999985,76.05000305,"India"
"IS4698",17.69000053,74,"India"
"IS4726",22.70000076,71.68000031,"India"
"IS4734",22.29999924,70.77999878,"India"
"IS4758",22.45999908,70.05999756,"India"
"IS4776",21.52000046,70.45999908,"India"
"IS4788",21.61000061,71.23000336,"India"
"IS4798",21.76000023,72.13999939,"India"
"IS4809",22.75,72.68000031,"India"
"IS4821",22.29999924,73.19999695,"India"
"IS4855",23.60000038,72.38999939,"India"
"IS5094",14.68000031,77.58999634,"India"
"IS5106",14.47000027,78.81999969,"India"
"IS5125",15.22999954,79.30999756,"India"
"IS5134",16.11000061,81.08000183,"India"
"IS5139",16.89999962,80.09999847,"India"
"IS5158",16.93000031,82.22000122,"India"
"IS5166",17.70000076,83.30000305,NA
"IS5177",18.29999924,84.01000214,"India"
"IS5194",17.34000015,80.41000366,"India"
"IS5219",15.88000011,78.58000183,"India"
"IS5233",18.37999916,78.83000183,"India"
"IS5257",18.67000008,78.01000214,"India"
"IS5282",17.79999924,78.37000275,"India"
"IS5295",20.03000069,84.12999725,"India"
"IS5301",19.37999916,85.05999756,"India"
"IS5313",20.70999908,83.5,"India"
"IS5325",22.06999969,84.01999664,"India"
"IS5326",22.20000076,84.59999847,"India"
"IS5328",20.38999939,85.36000061,"India"
"IS5335",20.37000084,84.55999756,"India"
"IS5339",22.07999992,85.66000366,"India"
"IS5348",21.29000092,86.55999756,"India"
"IS5386",11,76.95999908,"India"
"IS5404",11.94999981,78.95999908,"India"
"IS5409",10.97000027,78.91000366,"India"
"IS5456",10.51000023,76.20999908,"India"
"IS5464",9.579999924,76.51000214,"India"
"IS5469",14.07999992,75.33999634,"India"
"IS5491",13,76.05000305,"India"
"IS5499",13.13000011,78.12999725,"India"
"IS5622",16.81999969,75.72000122,"India"
"IS5667",15.47000027,75.01999664,"India"
"IS5689",23.72999954,84.22000122,"India"
"IS5720",24.48999977,86.30000305,"India"
"IS5788",23.82999992,78.70999908,"India"
"IS5804",23.97999954,79.40000153,"India"
"IS5815",26.03000069,78.81999969,"India"
"IS5818",23.15999985,79.94000244,"India"
"IS5824",23.71999931,82.55000305,"India"
"IS5832",20.72999954,81.65000153,"India"
"IS5839",21.79999924,81.33999634,"India"
"IS5855",22.88999939,79.19999695,"India"
"IS5867",22.06999969,78.93000031,"India"
"IS5900",22.04999924,82.08999634,"India"
"IS5910",21.89999962,83.40000153,"India"
"IS5919",23.29999924,81.37000275,"India"
"IS5928",24.39999962,81.90000153,"India"
"IS5972",24.57999992,80.83000183,"India"
"IS5980",24.71999931,80.18000031,"India"
"IS5995",24.73999977,78.81999969,"India"
"IS6004",32.70999908,74.84999847,"India"
"IS6024",30.89999962,75.84999847,"India"
"IS6035",30.31999969,76.40000153,"India"
"IS6094",25.59000015,79.58000183,"India"
"IS6095",25.95999908,80.15000153,"India"
"IS6099",27.22999954,79.01999664,"India"
"IS6106",27.39999962,79.55999756,"India"
"IS6116",26.25,82.06999969,"India"
"IS6146",25.18000031,83,"India"
"IS6150",25.45000076,82.41000366,"India"
"IS6152",25.45000076,84.08000183,"India"
"IS6154",26.51000023,83.77999878,"India"
"IS6165",27.57999992,81.59999847,"India"
"IS6169",29.10000038,77.16000366,"India"
"IS6191",27.06999969,80.51000214,"India"
"IS6192",27.95000076,80.76999664,"India"
"IS6193",26.54999924,80.48999786,"India"
"IS6203",28.62999916,79.80000305,"India"
"IS6206",26.54999924,82.65000153,"India"
"IS6208",27.02000046,82.12000275,"India"
"IS6210",25.5,75.44999695,"India"
"IS6215",28.57999992,75.56999969,"India"
"IS6222",28.5,78.45999908,"India"
"IS6227",29.21999931,78.08000183,"India"
"IS6230",23.32999992,86.36000061,"India"
"IS6236",21.86000061,87.95999908,"India"
"IS6243",23.01000023,88.27999878,"India"
"IS6245",23.07999992,87.11000061,"India"
"IS6249",23.72999954,87.98000336,"India"
"IS6255",22.46999931,87.27999878,"India"
"IS6259",24.18000031,88.26000214,"India"
"IS6266",26.51000023,88.73000336,"India"
"IS6276",30.73999977,76.77999878,"India"
"IS6282",30.22999954,75.83000183,"India"
"IS6294",29.5,75.44999695,"India"
"IS6321",28.47999954,76.18000031,"India"
"IS6329",29.71999931,77.08000183,"India"
"IS6331",29.79999924,76.37999725,"India"
"IS6413",16.70000076,74.23000336,"India"
"IS7069",18.55999947,33.34000015,"Sudan"
"IS7277",8.050000191,10.77999973,"Nigeria"
"IS7304",12.10999966,11.75,"Nigeria"
"IS7305",11.56000042,13.01000023,"Nigeria"
"IS7310",11.47999954,11.10000038,"Nigeria"
"IS7312",12.93000031,12,"Nigeria"
"IS7314",11.85000038,13.14999962,"Nigeria"
"IS7343",12.26000023,11.10000038,"Nigeria"
"IS7348",12.86999989,11.03999996,"Nigeria"
"IS7360",11.94999981,10.63000011,"Nigeria"
"IS7367",6.659999847,3.309999943,"Nigeria"
"IS7386",10.21000004,11.38000011,"Nigeria"
"IS7389",9.409999847,10.17000008,"Nigeria"
"IS7403",6.980000019,9.5,"Nigeria"
"IS7408",7.510000229,9.609999657,"Nigeria"
"IS7411",8,7.829999924,"Nigeria"
"IS7418",4.699999809,8.159999847,"Nigeria"
"IS7419",7,10.26000023,"Nigeria"
"IS7424",8.369999886,12.07999992,"Nigeria"
"IS7428",8.850000381,7.860000134,"Nigeria"
"IS7447",12.31000042,3.710000038,"Nigeria"
"IS7463",9.529999733,12.35000038,"Nigeria"
"IS7469",7.5,6.039999962,"Nigeria"
"IS7480",6.480000019,9.430000305,"Nigeria"
"IS7486",7.360000134,7.059999943,"Nigeria"
"IS7490",12.14999962,10.02999973,"Nigeria"
"IS7492",12.85000038,13.68000031,"Nigeria"
"IS7506",7.03000021,8.529999733,"Nigeria"
"IS7508",10.19999981,7.130000114,"Nigeria"
"IS7535",12.02999973,4.269999981,"Nigeria"
"IS7620",9.399999619,6.03000021,"Nigeria"
"IS7643",9.050000191,6.559999943,"Nigeria"
"IS7679",9.159999847,12.63000011,"Nigeria"
"IS7689",11.43000031,5.230000019,"Nigeria"
"IS7696",10.30000019,6.579999924,"Nigeria"
"IS7702",10.82999992,5.829999924,"Nigeria"
"IS7704",9.75,6.5,"Nigeria"
"IS7722",12.80000019,4.510000229,"Nigeria"
"IS7763",8.229999542,7.050000191,"Nigeria"
"IS7773",10.57999992,8.149999619,"Nigeria"
"IS7792",7.260000229,10.89999962,"Nigeria"
"IS7802",11.05000019,9.630000114,"Nigeria"
"IS7806",5.630000114,6.400000095,"Nigeria"
"IS7812",9.119999886,7.139999866,"Nigeria"
"IS7825",9.479999542,7.679999828,"Nigeria"
"IS7834",5.829999924,8.850000381,"Nigeria"
"IS7835",8.850000381,11.38000011,"Nigeria"
"IS7836",6.449999809,6.599999905,"Nigeria"
"IS7843",8.779999733,5.309999943,"Nigeria"
"IS7845",7.130000114,4.380000114,"Nigeria"
"IS7849",8.859999657,4.079999924,"Nigeria"
"IS7861",8.6457973,5.8409575,"Nigeria"
"IS7887",10.69999981,4.579999924,"Nigeria"
"IS7889",10.43000031,3.819999933,"Nigeria"
"IS7892",5.070000172,6.179999828,"Nigeria"
"IS7920",12.43000031,9.100000381,"Nigeria"
"IS7923",12.14999962,5.110000134,"Nigeria"
"IS7948",11.19999981,4.550000191,"Nigeria"
"IS7957",11.39999962,4.110000134,"Nigeria"
"IS7958",11.5,3.700000048,"Nigeria"
"IS7995",12.07999992,6.5,"Nigeria"
"IS8310",24.07999992,70.16000366,"India"
"IS8777",1.830000043,32.5525795,"Uganda"
"IS8861",-1.960000038,35.83000183,"Kenya"
"IS8916",0.460000008,34.08000183,"Uganda"
"IS9108",-0.07,34.81000137,"Kenya"
"IS9115",-2.0000005,31.499999,"Tanzania"
"IS9597",13.44999981,7.110000134,"Niger"
"IS9713",13.44999981,35.56000137,"Sudan"
"IS9720",14.23999977,23.29000092,"Sudan"
"IS9911",11,29.42000008,"Sudan"
"IS12562_PI151198",11.36999989,39.79999924,"Ethiopia"
"IS12597_PI155541",-12.27999973,32.5,"Zambia"
"IS3106_PI213900",-1.169999957,36.47999954,"Kenya"
"IS3033_PI267621",7.599999905,37.20999908,"Ethiopia"
"IS12676_PI285039",11.06000042,7.699999809,"Nigeria"
"IS11010_PI329252",9.020000458,38.74000168,"Ethiopia"
"IS11014_PI329256",15.31999969,38.91999817,"Eritrea"
"IS11043_PI329285",9.579999924,41.86000061,"Ethiopia"
"IS11057_PI329299",14.39999962,39.38000107,"Ethiopia"
"IS11068_PI329310",9.300000191,42.13000107,"Ethiopia"
"IS11069_PI329311",7.130000114,42.86000061,"Ethiopia"
"IS11074_PI329316",8.979999542,37.84999847,"Ethiopia"
"IS11076_PI329318",11.25,39.56000137,"Ethiopia"
"IS11077_PI329319",9.180000305,38.33000183,"Ethiopia"
"IS11082_PI329325",9.130000114,37.04000092,"Ethiopia"
"IS11096_PI329338",10,39.88999939,"Ethiopia"
"IS11108_PI329351",10.30000019,39.97999954,"Ethiopia"
"IS11151_PI329394",11.18000031,40.00999832,"Ethiopia"
"IS11160_PI329403",11.13000011,39.63000107,"Ethiopia"
"IS11222_PI329465",9.399999619,38.84000015,"Ethiopia"
"IS11227_PI329470",8.6,39.1166667,"Ethiopia"
"IS11230_PI329473",7.349999905,38.66999817,"Ethiopia"
"IS11231_PI329475",7.849999905,36.08000183,"Ethiopia"
"IS11232_PI329476",6.75,38.40999985,"Ethiopia"
"IS11236_PI329480",7.199999809,38.59999847,"Ethiopia"
"IS11257_PI329501",7.949999809,39.13000107,"Ethiopia"
"IS11264_PI329510",8.539999962,39.27000046,"Ethiopia"
"IS11269_PI329517",8.739999771,38.97999954,"Ethiopia"
"IS11270_PI329518",8.109999657,38.36999893,"Ethiopia"
"IS11292_PI329540",8.529999733,37.97999954,"Ethiopia"
"IS11297_PI329545",8.270000458,37.77000046,"Ethiopia"
"IS11301_PI329550",7.670000076,36.84000015,"Ethiopia"
"IS11307_PI329556",7.340000153,37.34000015,"Ethiopia"
"IS11320_PI329569",8.949999809,38.70999908,"Ethiopia"
"IS11321_PI329570",7.849999905,36.65000153,"Ethiopia"
"IS11334_PI329583",7.960000038,37.43000031,"Ethiopia"
"IS11359_PI329614",9.909999847,38.31000137,"Ethiopia"
"IS11362_PI329617",9,37.31000137,"Ethiopia"
"IS11377_PI329632",9.079999924,36.54999924,"Ethiopia"
"IS11389_PI329644",8.930000305,36.58000183,"Ethiopia"
"IS11390_PI329645",9.56000042,37.09999847,"Ethiopia"
"IS11407_PI329665",9.029999733,38.40000153,"Ethiopia"
"IS11435_PI329699",6.960000038,35.75999832,"Ethiopia"
"IS11438_PI329702",9.670000076,39.52999878,"Ethiopia"
"IS11446_PI329710",9.840000153,39.75999832,"Ethiopia"
"IS11548_PI329813",14.13000011,38.70999908,"Ethiopia"
"IS11572_PI329841",12.22999954,37.29000092,"Ethiopia"
"IS11574_PI329843",11.55000019,37.36000061,"Ethiopia"
"IS11579_PI329848",10.15999985,38.13000107,"Ethiopia"
"IS11593_PI329864",9.300000191,38.75,"Ethiopia"
"IS11642_PI329920",9.210000038,41.09000015,"Ethiopia"
"IS11887_PI330167",11.82999992,39.68000031,"Ethiopia"
"IS11901_PI330181",12.15999985,39.63000107,"Ethiopia"
"IS11904_PI330184",12.40999985,39.54999924,"Ethiopia"
"IS11912_PI330192",13.48999977,39.47000122,"Ethiopia"
"IS11913_PI330195",14.05000019,39.56000137,"Ethiopia"
"IS11914_PI330196",13.68000031,39.58000183,"Ethiopia"
"IS11917_PI330199",14.27999973,39.45999908,"Ethiopia"
"IS12080_PI330796",7.050000191,37.59999847,"Ethiopia"
"IS12082_PI330798",8.529999733,37.93000031,"Ethiopia"
"IS12087_PI330803",8.529999733,34.79999924,"Ethiopia"
"IS12112_PI330828",9.159999847,35.83000183,"Ethiopia"
"IS12117_PI330833",9.149999619,36.40000153,"Ethiopia"
"IS12122_PI330838",9.56000042,37.54999924,"Ethiopia"
"IS12135_PI330851",9.359999657,37.11000061,"Ethiopia"
"IS12142_PI330858",8.329999924,41.59000015,"Ethiopia"
"IS12246_PI337674",9.380000114,41.45999908,"Ethiopia"
"IS12248_PI337676",5.210000038,39.83000183,"Ethiopia"
"IS12250_PI337678",9.079999924,40.86000061,"Ethiopia"
"IS12252_PI337680",9.899999619,38.58000183,"Ethiopia"
"IS12256_PI337684",8.850000381,35.63999939,"Ethiopia"
"IS12261_PI337689",9.039999962,40.90000153,"Ethiopia"
"IS22242_PI510907",-24.39999962,26.12000084,"Botswana"
"IS22244_PI510910",-24.72999954,25.84000015,"Botswana"
"IS22263_PI510931",-24.37000084,23.14999962,"Botswana"
"IS22288_PI510958",-22.93000031,27.57999992,"Botswana"
"IS22295_PI510966",-22.46999931,26.81999969,"Botswana"
"IS22297_PI510968",-22.43000031,26.40999985,"Botswana"
"IS22308_PI510979",-23.06999969,26.90999985,"Botswana"
"IS22318_PI510990",-20.27000046,23.11000061,"Botswana"
"IS22336_PI511008",-24.62999916,23.51000023,"Botswana"
"IS20043_PI514456",13.38000011,-12.27999973,"Senegal"
"IS20074_PI514610",12.52999973,-12.31999969,"Senegal"
"IS20151_PI514617",13.07999992,-16.05999947,"Senegal"
"IS21519_PI521833",-11.71000004,33.63000107,"Malawi:3"
"PI533789",13.03999996,30.20000076,"Sudan"
"PI533839",11.03999996,7.420000076,"Nigeria"
"PI533876",12.51000023,7.730000019,"Nigeria"
"PI533882",11.85999966,9.199999809,"Nigeria"
"PI533985",14.30000019,22.56999969,"Sudan"
"PI533991",4.239999771,32.33000183,"South Sudan"
"PI534079",9.359999657,9.949999809,"Nigeria"
"PI534088",11.11999989,8.039999962,"Nigeria"
"PI534092",11.55000019,8.130000114,"Nigeria"
"PI534115",8.149999619,34.45999908,"Ethiopia"
"PI534127",8.159999847,37.56000137,"Ethiopia"
"PI534128",9.5,38.22999954,"Ethiopia"
"PI534133",11.69999981,39.74000168,"Ethiopia"
"IS7530_PI562989",11.85999966,9.010000229,"Nigeria"
"IS7739_PI563009",11,7.849999905,"Nigeria"
"IS8823_PI563151",-0.5375722,34.46859,"Kenya"
"IS8832_PI563153",-1.950000048,37.25,"Kenya"
"IS8834_PI563154",0.159999996,34.59999847,"Kenya"
"IS8848_PI563156",0.280000001,34.70000076,"Kenya"
"IS8860_PI563157",0.379999995,34.18999863,"Kenya"
"IS9132_PI563198",-0.180000007,34.90999985,"Kenya"
"IS9133_PI563199",0.050000001,34.65000153,"Kenya"
"IS9135_PI563200",-0.5,34.70999908,"Kenya"
"IS9168_PI563208",-0.6054147,34.7451266,"Kenya"
"IS9174_PI563209",0.460000008,34.24000168,"Kenya"
"IS9199_PI563219",0.159999996,31.36000061,"Uganda"
"IS9524_PI563289",-25.8422202,28.1029145,"South Africa"
"IS10060_PI563334",14.10000038,-1.629999995,"Burkina Faso"
"IS10105_PI563338",13.06000042,-3.059999943,"Burkina Faso"
"IS10139_PI563343",13.57999992,-2.420000076,"Burkina Faso"
"IS10162_PI563348",12.46000004,-3.460000038,"Burkina Faso"
"IS10168_PI563350",11.65999985,-1.059999943,"Burkina Faso"
"IS10186_PI563359",10.32999992,-3.180000067,"Burkina Faso"
"IS10192_PI563364",13.32999992,0.400000006,"Burkina Faso"
"IS10195_PI563366",11.14000034,-3.059999943,"Burkina Faso"
"IS10278_PI563377",15.34000015,32.31000137,"Sudan"
"IS12336_PI563482",14.56999969,-16.37999916,"Senegal"
"IS12339_PI563483",14.21000004,-16.54999924,"Senegal"
"IS12357_PI563484",14.56000042,-15.02999973,"Senegal"
"IS12367_PI563485",15.28999996,-16.20999908,"Senegal"
"IS12374_PI563487",12.10999966,-6.909999847,"Mali"
"IS12411_PI563489",8.5,4.550000191,"Nigeria"
"IS12420_PI563492",10.02999973,6.110000134,"Nigeria"
"IS12380_PI563515",13.48999977,-7.28000021,"Mali"
"IS14567_PI569012",13.82999992,35.43000031,"Sudan"
"IS22359_PI569805",14.03999996,35.36999893,"Sudan"
"IS22387_PI569833",13.51000023,35.75999832,"Sudan"
"IS22388_PI569834",13.60000038,35.74000168,"Sudan"
"IS22414_PI569860",11.77000046,34.34999847,"Sudan"
"IS22423_PI569869",11.27999973,34.11100006,"Sudan"
"IS22429_PI569875",10.71000004,33.47999954,"Sudan"
"IS22440_PI569886",10.55000019,34.27999878,"Sudan"
"IS22897_PI570119",11.36999989,26.02000046,"Sudan"
"IS22898_PI570120",12.57999992,29.52000046,"Sudan"
"IS22900_PI570122",10.27999973,34.13999939,"Sudan"
"IS22903_PI570125",14.25,31.10000038,"Sudan"
"IS22905_PI570127",9.180000305,31.37999916,"South Sudan"
"IS22908_PI570130",12.11999989,27.44000053,"Sudan"
"IS22914_PI570136",12.19999981,29.13999939,"Sudan"
"IS22923_PI570145",12.02000046,29.38999939,"Sudan"
"IS22927_PI570149",3.869999886,31.62999916,"South Sudan"
"IS22932_PI570154",11.23999977,29.07999992,"Sudan"
"IS22936_PI570157",8.550000191,27.38999939,"South Sudan"
"IS22937_PI570158",11.10999966,29.37999916,"Sudan"
"IS22939_PI570160",12.07999992,23.54999924,"Sudan"
"IS22941_PI570162",12.43000031,31.48999977,"Sudan"
"IS22943_PI570164",14.31000042,32.56999969,"Sudan"
"IS22945_PI570166",11.03999996,29.34000015,"Sudan"
"IS22950_PI570171",11.05000019,30.29999924,"Sudan"
"IS22969_PI570189",8.180000305,30.05999947,"South Sudan"
"IS23008_PI570228",11.5,31.03000069,"Sudan"
"IS23013_PI570233",11.5,30.39999962,"Sudan"
"IS23017_PI570237",12.07999992,30.46999931,"Sudan"
"IS23024_PI570244",13.06999969,30.36000061,"Sudan"
"IS23028_PI570248",14.11999989,26.28000069,"Sudan"
"IS23034_PI570254",8.279999733,26.29000092,"South Sudan"
"IS23035_PI570255",11.10000038,24.37000084,"Sudan"
"IS23040_PI570260",18.09000015,26.37999916,"Sudan"
"IS23058_PI570278",12.30000019,24.17000008,"Sudan"
"IS23064_PI570284",19.14999962,30.26000023,"Sudan"
"IS23068_PI570288",10.47999954,25.09000015,"Sudan"
"IS23072_PI570292",11.27999973,24.20000076,"Sudan"
"IS23074_PI570294",15.28999996,32.45999908,"Sudan"
"IS23076_PI570296",13.14999962,22.21999931,"Sudan"
"IS26849_PI570393",4.019999981,32.47000122,"South Sudan"
"IS6944_PI570494",8.369999886,33.02999878,"South Sudan"
"IS3445_PI570498",7.269999981,28.68000031,"South Sudan"
"IS3454_PI570504",8.420000076,25.59000015,"South Sudan"
"IS3586_PI570511",13.5,23.5,"Sudan"
"IS3465_PI570518",6.550000191,30.5,"South Sudan"
"IS9870_PI570523",3.880000114,31.67000008,"South Sudan"
"IS7065_PI570528",19.31999969,30.25,"Sudan"
"IS2304_PI570539",9.409999847,34.06999969,"South Sudan"
"IS3487_PI570549",19.13999939,32.40000153,"Sudan"
"IS2319_PI570570",9.539999962,32.06999969,"South Sudan"
"IS9779_PI570584",4.539999962,29.27000046,"South Sudan"
"IS3568_PI570603",12.34000015,28.70000076,"Sudan"
"IS6925_PI570604",14.27000046,32.16999817,"Sudan"
"IS14461_PI570917",13.53999996,35.13000107,"Sudan"
"IS9864_PI571256",9.579999924,33.43999863,"South Sudan"
"IS9885_PI571273",6.480000019,29.42000008,"South Sudan"
"IS9888_PI571275",14.22000027,30.42000008,"Sudan"
"PI576359",21.07999992,79.02999878,"India"
"PI576364",30.36000061,76.80000305,"India"
"PI576366",26.79999924,82.72000122,"India"
"PI576390",17.28000069,74.19999695,"India"
"PI576425",9.399999619,42.00999832,"Ethiopia"
"PI576435",17.47999954,75.38999939,"India"
"IS24694_PI585379",10.35000038,37.72999954,"Ethiopia"
"IS24733_PI585394",11.75,8.880000114,"Nigeria"
"IS24799_PI585405",10.27999973,13.18999958,"Nigeria"
"IS24811_PI585411",10.60999966,12.22999954,"Nigeria"
"IS24817_PI585413",10.38000011,12.80000019,"Nigeria"
"IS24824_PI585415",10.35000038,10.84000015,"Nigeria"
"IS24830_PI585416",10.26000023,10.34000015,"Nigeria"
"IS24843_PI585423",10.81999969,10.32999992,"Nigeria"
"IS25050_PI585448",9.399999619,-0.839999974,"Ghana"
"IS25059_PI585452",10.77999973,-0.810000002,"Ghana"
"IS25060_PI585453",10.93000031,-0.479999989,"Ghana"
"IS25061_PI585454",10.52000046,-0.439999998,"Ghana"
"IS25066_PI585455",10.63000011,-0.180000007,"Ghana"
"IS25074_PI585457",10.69999981,-0.209999993,"Ghana"
"IS25086_PI585461",11.06000042,-0.180000007,"Ghana"
"IS25108_PI585467",9.909999847,-0.209999993,"Ghana"
"IS25113_PI585471",10.96000004,-1.100000024,"Ghana"
"IS25456_PI585572",-4.130000114,29.79000092,"Burundi"
"IS25505_PI585576",-3.769999981,30.21999931,"Burundi"
"IS25514_PI585577",-3.099999905,29.38999939,"Burundi"
"IS25520_PI585579",-3.25,29.42000008,"Burundi"
"IS25522_PI585581",-3.339999914,29.39999962,"Burundi"
"IS25524_PI585583",-3.49000001,29.34000015,"Burundi"
"IS25556_PI585590",-1.950000048,30.05999947,"Rwanda"
"IS25561_PI585595",-1.5,29.62999916,"Rwanda"
"IS25563_PI585596",-1.580000043,30.05999947,"Rwanda"
"IS25568_PI585600",-1.75999999,30.14999962,"Rwanda"
"IS25575_PI585607",-1.929999948,30.05999947,"Rwanda"
"IS25577_PI585609",-2.160000086,30.54000092,"Rwanda"
"IS26401_PI585971",7.559999943,1.019999981,"Togo"
"IS26413_PI585981",7.300000191,1.909999967,"Benin"
"IS26418_PI585985",7.659999847,2.180000067,"Benin"
"IS26421_PI585987",8.010000229,2.230000019,"Benin"
"IS26425_PI585991",8.479999542,2.430000067,"Benin"
"IS26426_PI585992",8.880000114,2.599999905,"Benin"
"IS26459_PI586008",10.05000019,2.630000114,"Benin"
"IS26620_PI586028",-13.75,25.75,"Zambia"
"IS26630_PI586032",-13,25.25,"Zambia"
"IS26632_PI586033",-13.17000008,24.75,"Zambia"
"IS26637_PI586034",-12.25,25.5,"Zambia"
"IS26640_PI586035",-10.17000008,28.75,"Zambia"
"IS26643_PI586036",-9.5,30.07999992,"Zambia"
"IS26647_PI586037",-12.18000031,26.39999962,"Zambia"
"IS26656_PI586041",-13.75,25.5,"Zambia"
"IS26682_PI586052",-15.72999954,34.40000153,"Malawi:3"
"IS26685_PI586054",-15.78999996,34.99000168,"Malawi:3"
"IS27297_PI586107",14.05000019,-0.720000029,"Burkina Faso"
"IS27300_PI586110",14.02999973,-0.50999999,"Burkina Faso"
"IS27301_PI586111",14.31000042,-0.730000019,"Burkina Faso"
"IS27302_PI586112",14.35000038,-0.409999996,"Burkina Faso"
"IS27304_PI586114",14.18000031,-0.230000004,"Burkina Faso"
"IS27307_PI586117",14.02999973,0.029999999,"Burkina Faso"
"IS27308_PI586118",13.43000031,0.529999971,"Burkina Faso"
"IS27309_PI586119",13.43000031,0.649999976,"Burkina Faso"
"IS27320_PI586128",12.82999992,-2.230000019,"Burkina Faso"
"IS27329_PI586137",14.43000031,-0.75999999,"Burkina Faso"
"IS27333_PI586141",13.76000023,-2.069999933,"Burkina Faso"
"IS27342_PI586150",14.01000023,-1.700000048,"Burkina Faso"
"IS27343_PI586151",13.90999985,-1.629999995,"Burkina Faso"
"IS27345_PI586153",13.59000015,-1.700000048,"Burkina Faso"
"IS27346_PI586154",13.60999966,-1.799999952,"Burkina Faso"
"IS27349_PI586156",13.5,-1.909999967,"Burkina Faso"
"IS27350_PI586157",13.44999981,-1.960000038,"Burkina Faso"
"IS27352_PI586159",13.27999973,-1.710000038,"Burkina Faso"
"IS27354_PI586161",13.31000042,-1.529999971,"Burkina Faso"
"IS27357_PI586163",11.07999992,-0.589999974,"Burkina Faso"
"IS27359_PI586165",12.57999992,-1.299999952,"Burkina Faso"
"IS27360_PI586166",12.19999981,-0.600000024,"Burkina Faso"
"IS27361_PI586167",11.69999981,-1.330000043,"Burkina Faso"
"IS27366_PI586172",12.52999973,-0.5,"Burkina Faso"
"IS27368_PI586174",12.64999962,-0.569999993,"Burkina Faso"
"IS27373_PI586178",12.52999973,-0.029999999,"Burkina Faso"
"IS27377_PI586181",12.47999954,1.519999981,"Burkina Faso"
"IS27379_PI586183",12.43000031,1.580000043,"Burkina Faso"
"IS27380_PI586184",12.06999969,1.779999971,"Burkina Faso"
"IS27399_PI586201",11.75,-1.019999981,"Burkina Faso"
"IS27403_PI586205",11.10000038,-0.980000019,"Burkina Faso"
"IS27437_PI586239",13.22999954,-1.860000014,"Burkina Faso"
"IS27458_PI586259",13.35999966,-2.700000048,"Burkina Faso"
"IS27474_PI586272",13.22999954,-3.160000086,"Burkina Faso"
"IS27562_PI586356",10.27999973,-3.25999999,"Burkina Faso"
"IS27565_PI586359",11.93000031,-1.460000038,"Burkina Faso"
"IS27569_PI586363",12.32999992,-2.160000086,"Burkina Faso"
"IS27572_PI586365",12,-2.210000038,"Burkina Faso"
"IS27573_PI586366",12.69999981,-2.099999905,"Burkina Faso"
"IS27575_PI586368",11.64999962,-2.180000067,"Burkina Faso"
"IS27577_PI586370",12.10000038,-2.099999905,"Burkina Faso"
"IS27578_PI586371",11.26000023,-2.099999905,"Burkina Faso"
"IS27581_PI586374",11.19999981,-2.019999981,"Burkina Faso"
"IS27591_PI586377",12.07999992,15.02999973,"Chad"
"IS27604_PI586387",12.56999969,14.44999981,"Cameroon"
"IS27611_PI586394",12.47999954,14.44999981,"Cameroon"
"IS27667_PI586404",10.73999977,13.81000042,"Cameroon"
"IS27856_PI586464",-25.20000076,31.20000076,"South Africa"
"IS27860_PI586466",-29.60000038,30.37999916,"South Africa"
"IS27867_PI586470",-28.56999969,31.05999947,"South Africa"
"IS27869_PI586472",-28.38999939,29.95000076,"South Africa"
"IS27873_PI586476",-23.31999969,30.70999908,"South Africa"
"IS27877_PI586479",-22.85000038,30.79000092,"South Africa"
"IS27879_PI586481",-22.73999977,30.89999962,"South Africa"
"IS27899_PI586498",-23.78000069,29.09000015,"South Africa"
"IS27900_PI586499",-23.60000038,29.15999985,"South Africa"
"IS27913_PI586510",-23.45999908,29.80999947,"South Africa"
"PI597950",24.35000038,87.31999969,"India"
"IS7714_PI597954",10.35999966,5.349999905,"Nigeria"
"PI597964",7.849999905,34.54999924,"Ethiopia"
"IS25919_PI609094",13.30000019,-6.210000038,"Mali"
"IS26149_PI609200",13.71000004,-6.409999847,"Mali"
"IS25790_PI609918",13.43000031,-11.35999966,"Mali"
"IS25876_PI610034",12.51000023,-8.270000458,"Mali"
"IS29659_PI619639",-5.010000229,33.09000015,"Tanzania"
"IS29660_PI619640",-5.340000153,30.39999962,"Tanzania"
"IS29661_PI619641",-5.420000076,32.97999954,"Tanzania"
"IS29662_PI619642",-5.070000172,32.38000107,"Tanzania"
"IS29663_PI619643",-3.589999914,33.09000015,"Tanzania"
"IS30902_PI619688",1.919999957,33.95000076,"Uganda"
"IS30910_PI619695",1.450000048,33.45000076,"Uganda"
"IS30911_PI619696",1.5,33.25,"Uganda"
"IS30918_PI619701",1.909999967,33.29999924,"Uganda"
"IS30931_PI619713",1.6923918,33.3161051,"Uganda"
"IS30934_PI619716",0.569999993,31.72999954,"Uganda"
"IS30937_PI619719",1.980000019,32.97999954,"Uganda"
"IS30951_PI619733",1.700000048,32.08000183,"Uganda"
"IS30997_PI619765",2.470000029,33.20000076,"Uganda"
"IS31010_PI619773",3,33.25,"Uganda"
"IS31054_PI619813",3.150000095,32.88000107,"Uganda"
"IS31057_PI619816",3.119999886,32.15000153,"Uganda"
"IS31073_PI619829",2.099999905,32.16999817,"Uganda"
"IS31083_PI619838",2.619999886,31.93000031,"Uganda"
"IS31123_PI619860",3.160000086,30.92000008,"Uganda"
"IS31126_PI619863",2.569999933,31.21999931,"Uganda"
"IS31150_PI619879",2.299999952,31.20000076,"Uganda"
"IS31165_PI619890",2.25999999,32.88999939,"Uganda"
"IS31174_PI619896",1.149999976,34.20000076,"Uganda"
"IS31180_PI619901",0.839999974,34.16999817,"Uganda"
"IS31182_PI619903",0.730000019,34.09999847,"Uganda"
"IS31184_PI619904",1.299999952,34.15000153,"Uganda"
"IS31212_PI619920",0.469999999,33.45000076,"Uganda"
"IS31213_PI619921",0.300000012,33.54999924,"Uganda"
"IS31220_PI619928",0.319999993,33.97999954,"Uganda"
"IS31223_PI619930",0.300000012,33.34999847,"Uganda"
"IS31226_PI619933",0.560000002,33.29999924,"Uganda"
"IS31231_PI619938",1.350000024,33.40000153,"Uganda"
"IS31234_PI619941",1.399999976,33.5,"Uganda"
"IS31249_PI619955",1.480000019,33.93000031,"Uganda"
"IS31252_PI619958",1.200000048,33.54000092,"Uganda"
"IS31257_PI619962",1.220000029,33.40000153,"Uganda"
"IS31267_PI619970",-0.600000024,30.64999962,"Uganda"
"IS31275_PI619978",-0.449999988,30.39999962,"Uganda"
"IS31279_PI619982",-0.419999987,30.27000046,"Uganda"
"IS31283_PI619986",1.299999952,30.56999969,"Uganda"
"IS31284_PI619987",-1.279999971,29.68000031,"Uganda"
"IS31291_PI619994",-1.129999995,29.70000076,"Uganda"
"IS31305_PI620007",-0.850000024,30,"Uganda"
"IS31323_PI620020",-0.800000012,29.92000008,"Uganda"
"IS31328_PI620024",-0.600000024,29.79999924,"Uganda"
"IS31360_PI620050",-0.140000001,30.05999947,"Uganda"
"IS31367_PI620055",0.310000002,30.15999985,"Uganda"
"IS31384_PI620072",-0.02,29.77000046,"Uganda"
"IS31396_PI620083",0.129999995,30.06999969,"Uganda"
"IS31399_PI620086",0.159999996,30.10000038,"Uganda"
"IS31410_PI620097",0.180000007,30.22999954,"Uganda"
"IS31425_PI620110",0.289999992,30.10000038,"Uganda"
"IS31426_PI620111",0.670000017,30.28000069,"Uganda"
"IS31434_PI620119",0.4561088,31.0348037,"Uganda"
"IS31436_PI620121",0.270000011,31.20000076,"Uganda"
"IS31444_PI620129",0.150000006,30.29999924,"Uganda"
"IS31456_PI620140",0.419999987,30.07999992,"Uganda"
"IS31474_PI620156",0.449999988,30.20000076,"Uganda"
"IS31507_PI620180",-0.980000019,31.40999985,"Uganda"
"IS32820_PI620367",-7.409999847,36.97000122,"Tanzania"
"IS32821_PI620368",-6.96999979,36.90000153,"Tanzania"
"IS32823_PI620369",-6.820000172,37.65999985,"Tanzania"
"IS32824_PI620370",-6.150000095,36.86000061,"Tanzania"
"IS32826_PI620372",-6.269999981,36.86999893,"Tanzania"
"IS32831_PI620375",-6.28000021,36.75,"Tanzania"
"IS32832_PI620376",-6.329999924,36.65999985,"Tanzania"
"IS32838_PI620382",-6.199999809,36.40999985,"Tanzania"
"IS32842_PI620385",-5.900000095,35.95000076,"Tanzania"
"IS32853_PI620396",-5.980000019,35.72999954,"Tanzania"
"IS32862_PI620405",-4.900000095,35.77999878,"Tanzania"
"IS32870_PI620411",-6.170000076,35.77999878,"Tanzania"
"IS32873_PI620414",-3.359999895,36.66999817,"Tanzania"
"IS32875_PI620416",-4.21999979,35.54999924,"Tanzania"
"IS32876_PI620417",-4.210000038,35.74000168,"Tanzania"
"IS32877_PI620418",-4.210000038,35.75,"Tanzania"
"IS32882_PI620423",-5.690000057,34.47999954,"Tanzania"
"IS32892_PI620430",-4.739999771,34.54000092,"Tanzania"
"IS32896_PI620434",-4.860000134,32.93000031,"Tanzania"
"IS32911_PI620446",-5.090000153,34.95999908,"Tanzania"
"IS32913_PI620447",-4.349999905,34.34999847,"Tanzania"
"IS32915_PI620449",-5.679999828,34.70999908,"Tanzania"
"IS32919_PI620453",-4.260000229,34.36000061,"Tanzania"
"IS32920_PI620454",-5.079999924,34.79000092,"Tanzania"
"IS32927_PI620459",-6.409999847,35.00999832,"Tanzania"
"IS32929_PI620461",-4.989999771,34.72999954,"Tanzania"
"IS32932_PI620463",-4.900000095,34.72999954,"Tanzania"
"IS32936_PI620466",-4.820000172,36.86999893,"Tanzania"
"IS32942_PI620472",-6.050000191,35.00999832,"Tanzania"
"IS32945_PI620475",-4.820000172,35.00999832,"Tanzania"
"IS32950_PI620477",-6.260000229,35.18999863,"Tanzania"
"IS32955_PI620480",-6.03000021,36.31999969,"Tanzania"
"IS32970_PI620493",-5.880000114,35.11000061,"Tanzania"
"IS32972_PI620495",-5.710000038,34.97999954,"Tanzania"
"IS32977_PI620500",-5.449999809,34.97999954,"Tanzania"
"IS32991_PI620514",-4.400000095,34.38999939,"Tanzania"
"IS32992_PI620515",-4.260000229,34.74000168,"Tanzania"
"IS32993_PI620516",-4.880000114,33.00999832,"Tanzania"
"IS32996_PI620519",-5.070000172,32.72999954,"Tanzania"
"IS32997_PI620520",-4.889999866,33.11000061,"Tanzania"
"IS32998_PI620521",-4.21999979,33.18000031,"Tanzania"
"IS32999_PI620522",-3.730000019,33.31000137,"Tanzania"
"IS33000_PI620523",-3.660000086,33.41999817,"Tanzania"
"IS33004_PI620527",-3.660000086,33.49000168,"Tanzania"
"IS33006_PI620529",-2.99000001,33.97999954,"Tanzania"
"IS33012_PI620535",-2.579999924,33.34999847,"Tanzania"
"IS33016_PI620536",-2.50999999,32.88999939,"Tanzania"
"IS33017_PI620537",-2.960000038,33.33000183,"Tanzania"
"IS33024_PI620544",-4.230000019,33.45999908,"Tanzania"
"IS33027_PI620547",-4.28000021,33.86999893,"Tanzania"
"IS33039_PI620557",-1.700000048,34.27999878,"Tanzania"
"IS33043_PI620560",-4.889999866,38.45999908,"Tanzania"
"IS33047_PI620564",-5.78000021,34.88999939,"Tanzania"
"IS33055_PI620572",-6.840000153,36.99000168,"Tanzania"
"IS33062_PI620578",-2.829999924,33.08000183,"Tanzania"
"IS33063_PI620579",-2.710000038,33.00999832,"Tanzania"
"IS30982_PI620610",2.150000095,33.25,"Uganda"
"IS30992_PI620611",2.230000019,32.58000183,"Uganda"
"IS24699_PI646200",11.31000042,7.329999924,"Nigeria"
"IS24734_PI646209",11.39000034,9.260000229,"Nigeria"
"IS24748_PI646210",11.2840004,10.55000019,"Nigeria"
"IS24753_PI646211",10.68999958,8.949999809,"Nigeria"
"IS24856_PI646213",10.05000019,9.06000042,"Nigeria"
"IS24868_PI646214",9.920000076,8.890000343,"Nigeria"
"IS24883_PI646217",10.32999992,5.380000114,"Nigeria"
"IS30898_PI646231",1.860000014,33.75,"Uganda"
"IS30908_PI646233",2.019999981,33.63000107,"Uganda"
"IS30923_PI646236",1.799999952,32.83000183,"Uganda"
"IS30958_PI646239",1.470000029,32.29999924,"Uganda"
"IS30961_PI646240",1.850000024,32.36000061,"Uganda"
"IS30969_PI646241",2.25,32.90000153,"Uganda"
"IS31006_PI646245",2.730000019,33.47999954,"Uganda"
"IS31009_PI646246",2.630000114,33.47999954,"Uganda"
"IS31028_PI646247",3.369999886,33.04999924,"Uganda"
"IS31030_PI646248",3.329999924,32.52999878,"Uganda"
"IS31048_PI646250",3.25,33.27000046,"Uganda"
"IS31059_PI646251",2.779999971,32.29999924,"Uganda"
"IS31092_PI646255",2.480000019,31.07999992,"Uganda"
"IS31100_PI646259",2.410000086,30.97999954,"Uganda"
"IS31104_PI646261",2.519999981,30.92000008,"Uganda"
"IS31107_PI646263",2.5,30.79999924,"Uganda"
"IS31113_PI646266",3.019999981,30.92000008,"Uganda"
"IS31127_PI646271",3.049999952,31.03000069,"Uganda"
"IS31168_PI646283",1.049999952,34.02000046,"Uganda"
"IS31199_PI646289",1.169999957,34,"Uganda"
"IS31206_PI646291",1.029999971,34.06000137,"Uganda"
"IS31207_PI646292",0.07,33.54000092,"Uganda"
"IS31210_PI646293",1.049999952,33.75,"Uganda"
"IS31244_PI646295",1.580000043,33.90000153,"Uganda"
"IS31325_PI646304",-0.720000029,29.85000038,"Uganda"
"IS31462_PI646313",0.479999989,30.14999962,"Uganda"
"IS31501_PI646320",0.419999987,31.29999924,"Uganda"
"IS31511_PI646321",-0.419999987,31.29999924,"Uganda"
"IS31512_PI646322",-0.720000029,31.39999962,"Uganda"
"IS31518_PI646324",-0.319999993,31.12000084,"Uganda"
"IS32935_PI646389",-4.820000172,36.74000168,"Tanzania"
"IS39662_PI647018",11.77000046,8.430000305,"Nigeria"
"IS39668_PI647019",11.25,8.399999619,"Nigeria"
"IS39680_PI647022",9.829999924,8.850000381,"Nigeria"
"IS39689_PI647023",10.18000031,8.859999657,"Nigeria"
"IS39730_PI647024",12.22999954,8.229999542,"Nigeria"
"IS39732_PI647025",12.55000019,7.829999924,"Nigeria"
"IS39759_PI647026",12.77000046,6.789999962,"Nigeria"
"IS39792_PI647027",11,8.829999924,"Nigeria"
"IS39822_PI647028",12.80000019,8.25,"Nigeria"
"IS39832_PI647029",13.44999981,5.659999847,"Nigeria"
